,recency,frequency,monetary
count,5852.0,5852.0,5852.0
mean,200.80228981544772,6.252904989747095,2874.7291131237184
std,208.54493674627656,12.749400209853537,14108.708367301853
min,1.0,1.0,2.9
25%,26.0,1.0,339.24249999999995
50%,96.0,3.0,855.58
75%,380.0,7.0,2237.2925
90%,531.0,13.0,5374.868000000005
95%,624.0,20.0,9226.9565
99%,727.0,46.0,27061.386599999943
max,739.0,373.0,580987.04
