,recency,frequency,monetary,spend_per_invoice,items_per_invoice,variety_ratio
recency,1.0,-0.5008146593291006,-0.4761498438680076,-0.17274450798025273,-0.19413715153246722,-0.0071388459604152694
frequency,-0.5008146593291006,1.0,0.8521732899505271,0.21341358429424231,0.1906175184153634,-0.17680005184504022
monetary,-0.4761498438680076,0.8521732899505271,1.0,0.6875008162259313,0.5829948250349607,0.07958311304164103
spend_per_invoice,-0.17274450798025273,0.21341358429424231,0.6875008162259313,1.0,0.8315768634044636,0.3842638627894297
items_per_invoice,-0.19413715153246722,0.1906175184153634,0.5829948250349607,0.8315768634044636,1.0,0.39490638388314564
variety_ratio,-0.0071388459604152694,-0.17680005184504022,0.07958311304164103,0.3842638627894297,0.39490638388314564,1.0
