,n_products,n_units,spend
count,39516.0,39516.0,39516.0
mean,25.101553800992004,283.12010324931674,497.0819959003948
std,42.24552562572894,1204.0060981985505,1460.3019108297474
min,1.0,1.0,0.19
25%,6.0,67.0,150.32
50%,15.0,148.0,301.23
75%,28.0,289.0,484.4
90%,51.0,523.0,905.56
95%,73.0,794.0,1432.005
99%,196.84999999999854,2224.0,4103.923999999992
max,1108.0,87167.0,168469.6
